<?xml version="1.0" encoding="UTF-8"?>
<project-private xmlns="http://www.netbeans.org/ns/project-private/1">
    <editor-bookmarks xmlns="http://www.netbeans.org/ns/editor-bookmarks/2" lastBookmarkId="0"/>
    <open-files xmlns="http://www.netbeans.org/ns/projectui-open-files/2">
        <group>
            <file>file:/Users/dylanmora/Downloads/Phase%201%20&amp;%202/Jframes/TextEditorGUI2-2/src/texteditorgui2/FontStyle.java</file>
            <file>file:/Users/dylanmora/Downloads/Phase%201%20&amp;%202/Jframes/TextEditorGUI2-2/src/texteditorgui2/TextEditorGUI.java</file>
        </group>
    </open-files>
</project-private>
